{"cameraMode":{"drawMode":0,"name":"Shaded","section":"Shading Mode"},"sceneLighting":true,"audioPlay":false,"sceneViewState":{"m_AlwaysRefresh":true,"showFog":true,"showSkybox":true,"showFlares":true,"showImageEffects":true,"showParticleSystems":true,"showVisualEffectGraphs":true,"m_FxEnabled":false},"in2DMode":false,"pivot":{"x":-58.41717529296875,"y":2.1532015800476076,"z":-2.5691983699798586},"rotation":{"x":0.2629585266113281,"y":0.32733696699142458,"z":-0.09536730498075485,"w":0.9025592803955078},"size":2.1451826095581056,"orthographic":false}